Khurram Virani,kvirani@lighthouselabs.ca
Don Burks,don@lighthouselabs.ca
Francoise Rautenstrauch,francoise.rautenstrauch@rautenstrauch.com
Kendra Loud,kloud@gmail.com
Lourdes Bauswell,lourdes_bauswell@aol.com
Hannah Edmison,hannah@yahoo.com
Tom Loeza,tom.loeza@gmail.com
Queenie Kramarczyk,queenie.kramarczyk@kramarczyk.org
Hui Portaro,hui_portaro@cox.net
Josefa Opitz,josefa.opitz@opitz.org
Lea Steinhaus,lsteinhaus@cox.net
Paola Vielma,paola_vielma@aol.com
Hortencia Bresser,hbresser@aol.com
Leanna Tijerina,leanna@cox.net
Danilo Pride,danilo_pride@hotmail.com
Huey Marcille,huey.marcille@gmail.com
Apolonia Warne,apolonia@gmail.com
Chandra Lagos,chandra.lagos@lagos.org
Crissy Pacholec,crissy@aol.com
Gianna Branin,gianna@aol.com
Valentin Billa,vbilla@yahoo.com
Ilona Dudash,idudash@dudash.com
Willard Lablanc,wlablanc@yahoo.com
Lauryn Randol,lauryn@yahoo.com
Laurena Begin,laurena.begin@begin.com
Elise Michelle,elise@gmail.com
Corrie Kardell,corrie_kardell@aol.com
Kimberely Rabuse,kimberely.rabuse@cox.net
Tish Violett,tish.violett@violett.com
Hollis Stanfield,hollis.stanfield@aol.com
Andree Christmann,andree.christmann@cox.net
Lyla Fucillo,lyla_fucillo@cox.net
Felton Yafuso,felton.yafuso@gmail.com
Dell Polino,dell_polino@polino.com
Nohemi Leko,nohemi@aol.com
Tambra Lembke,tlembke@lembke.org
Vicki Maikoksoong,vicki@gmail.com
Renato Airhart,renato_airhart@hotmail.com
Lenita Darbro,lenita@yahoo.com
Barney Hagen,barney@yahoo.com
Matthew Armacost,matthew_armacost@gmail.com
Belen Nelton,bnelton@gmail.com
Iesha Wardle,iesha@gmail.com
Francesco Sarchet,francesco@hotmail.com
Paulene Rhule,paulene_rhule@rhule.org
Carole Hughlett,carole_hughlett@hughlett.com
Miss Dunning,mdunning@gmail.com
Elfrieda Hinsch,elfrieda_hinsch@hinsch.org
Edelmira Calzado,edelmira@hotmail.com
Jaime Wasurick,jaime_wasurick@hotmail.com
Lera Hua,lhua@aol.com
Jame Mastro,jmastro@aol.com
Jillian Hailstone,jhailstone@yahoo.com
Louis Zarling,louis@zarling.com
Emmett Mcshaw,emmett_mcshaw@cox.net
Tammy Sams,tammy_sams@sams.com
Willis Wylie,willis@yahoo.com
Maxima Brzozowski,mbrzozowski@aol.com
Boris Latif,boris.latif@latif.com
Salina Knavel,salina.knavel@gmail.com
Justa Dini,justa.dini@hotmail.com
Amalia Wolfgang,amalia_wolfgang@wolfgang.org
Felix Tutterrow,ftutterrow@tutterrow.org
Eura Mcglocklin,eura@mcglocklin.org
Lang Heuring,lang@cox.net
Agustin Lakatos,agustin.lakatos@hotmail.com
Jaime Lowrance,jaime.lowrance@lowrance.org
Carman Gudiel,carman@gmail.com
Argelia Hofbauer,argelia.hofbauer@cox.net
Mammie Cisney,mammie@cox.net
Rashad Menino,rashad.menino@menino.com
Janna Bastain,janna@bastain.com
Callie Neikirk,callie.neikirk@neikirk.org
Coral Helmcamp,coral.helmcamp@helmcamp.org
Xenia Mushero,xenia@aol.com
Adelle Nitcher,anitcher@aol.com
Hildegarde Wehrwein,hwehrwein@gmail.com
Phuong Sugai,psugai@gmail.com
Leontine Lafoy,llafoy@aol.com
Darell Mcalarney,darell_mcalarney@mcalarney.com
Madonna Landman,madonna.landman@landman.com
Chuck Berggren,chuck@gmail.com
Gregg Epperheimer,gepperheimer@aol.com
Yan Bubrig,yan@cox.net
Stephanie Garlett,stephanie.garlett@gmail.com
Alberto Stenquist,alberto_stenquist@stenquist.org
Wayne Shivers,wayne@aol.com
Kristal Bothe,kristal@hotmail.com
Florencia Stadel,fstadel@gmail.com
Darrin Tumolillo,darrin@tumolillo.com
Freeman Rudig,freeman@yahoo.com
Lazaro Mollison,lazaro@gmail.com
Ellsworth Rieg,erieg@hotmail.com
Brinda Mrkvicka,brinda.mrkvicka@gmail.com
Florinda Mackedanz,florinda_mackedanz@mackedanz.org
Nadine Swartzbeck,nadine_swartzbeck@swartzbeck.org
Arlette Torchio,arlette_torchio@hotmail.com
Adolph Krivanec,akrivanec@hotmail.com
Georgiana Colbath,gcolbath@hotmail.com
Rana Lehn,rlehn@yahoo.com
Chi Morgan,chi@gmail.com
Starr Prothro,sprothro@prothro.com
Glennis Roseum,glennis.roseum@gmail.com
Thea Petermeier,thea@hotmail.com
Rosalind Persechino,rosalind.persechino@aol.com
Shenika Tapian,shenika.tapian@aol.com
Veta Vandeberg,vvandeberg@gmail.com
Herschel Geneseo,herschel@geneseo.com
Dianne Tomasic,dianne@yahoo.com
Micah Gerten,micah@cox.net
Kaycee Alaibilla,kaycee.alaibilla@yahoo.com
Tesha Brang,tesha@aol.com
Marya Chhour,marya@cox.net
Ronnie Kettelle,ronnie_kettelle@aol.com
Mabel Fower,mabel_fower@fower.com
Harley Works,harley@cox.net
Joye Nedman,joye@cox.net
Luisa Harnish,lharnish@harnish.com
Stacey Lortz,stacey_lortz@aol.com
Reyes Mesmer,reyes@mesmer.org
Avery Demus,avery.demus@aol.com
Colby Scotts,cscotts@aol.com
Afton Wrinkle,awrinkle@wrinkle.org
India Sifford,isifford@sifford.org
Brunilda Coin,brunilda_coin@aol.com
Jenifer Emanuel,jemanuel@emanuel.com
Makeda Nosis,makeda.nosis@yahoo.com
Vivan Oppy,voppy@gmail.com
Eric Gazzola,eric@cox.net
Thersa Davirro,thersa.davirro@aol.com
Mindy Presnal,mpresnal@yahoo.com
Luis Metzner,lmetzner@metzner.org
Dawne Mcloud,dmcloud@cox.net
Karrie Kinikini,karrie_kinikini@kinikini.org
Mozelle Hermon,mozelle_hermon@cox.net
Mila Hair,mhair@cox.net
Gilma Jefferys,gjefferys@aol.com
Armanda Mcduffie,armanda.mcduffie@hotmail.com
Vonda Normandeau,vonda@yahoo.com
Truman Mondale,truman.mondale@aol.com
Elvis Tenuta,elvis_tenuta@tenuta.org
Loise Dedaj,loise@aol.com
Jannette Pedder,jpedder@pedder.com
Margo Rand,margo@rand.org
Dahlia Benett,dahlia_benett@aol.com
Dominga Mckeon,dominga_mckeon@yahoo.com
Hollis Keomuangtai,hollis.keomuangtai@cox.net
Carry Ziller,carry@cox.net
Bong Fears,bfears@fears.org
Yolande Staiano,yolande_staiano@gmail.com
Lottie Hegdahl,lottie_hegdahl@aol.com
Jose Kylish,jose.kylish@aol.com
Tuyet Abramovitz,tuyet.abramovitz@abramovitz.com
Pearline Provenzano,pearline.provenzano@provenzano.org
Robt Hankison,robt_hankison@cox.net
Shawnee Kesten,shawnee@yahoo.com
Lacresha Quinones,lacresha@hotmail.com
Basilia Vinroe,basilia.vinroe@gmail.com
Aleisha Areizaga,aareizaga@hotmail.com
Frank Tryninewski,ftryninewski@gmail.com
Ria Steinhorst,ria.steinhorst@steinhorst.com
Carla Kallenberger,carla@aol.com
Lashanda Skahan,lashanda.skahan@aol.com
Jarod Catalina,jcatalina@aol.com
Leoma Rabago,leoma.rabago@hotmail.com
Yasuko Greeves,ygreeves@cox.net
Jimmie Snelling,jimmie.snelling@gmail.com
Titus Dugre,titus.dugre@dugre.org
Joanne Teoh,joanne@yahoo.com
Suzi Groom,suzi.groom@groom.org
Denny Amazan,denny@amazan.com
Willie Coughlan,willie@aol.com
Margurite Brake,margurite.brake@yahoo.com
Arlen Romack,arlen.romack@yahoo.com
Shaniqua Corna,shaniqua@yahoo.com
William Boccard,william@gmail.com
Silva Riviere,silva.riviere@riviere.org
Gearldine Haberle,gearldine_haberle@hotmail.com
Azalee Aja,azalee.aja@cox.net
Kimbery Plikerd,kimbery.plikerd@cox.net
Ricarda Kratt,rkratt@yahoo.com
Macy Massay,macy@hotmail.com
Carol Normington,carol@gmail.com
Blythe Czaplinski,blythe_czaplinski@czaplinski.com
Tanesha Tesseneer,tanesha_tesseneer@hotmail.com
Yaeko Orndoff,yaeko_orndoff@orndoff.org
Broderick Lorenz,broderick_lorenz@hotmail.com
Twila Shadle,tshadle@shadle.com
Sarina Pead,spead@cox.net
Candra Peets,candra@hotmail.com
Von Aprigliano,von@aol.com
Natalya Verso,natalya_verso@yahoo.com
Stanton Rigazio,srigazio@rigazio.org
Dona Larner,dona@hotmail.com
Cortney Choice,cortney.choice@choice.com
Ira Betterton,ira.betterton@yahoo.com
Vanna Pickle,vanna_pickle@aol.com
Bo Sabota,bo_sabota@sabota.com
Nathalie Corners,nathalie_corners@corners.org
Rodney Lockamy,rodney_lockamy@aol.com
Elena Hairr,ehairr@hotmail.com
Blossom Kraatz,blossom_kraatz@kraatz.org
Loreen Griepentrog,loreen_griepentrog@aol.com
Tayna Keirnan,tayna_keirnan@gmail.com
Nieves Planty,nplanty@gmail.com
Glenn Robinault,glenn.robinault@cox.net
Julianna Racer,jracer@cox.net
Ashton Nitchals,ashton@cox.net
Shaun Scovil,shaun_scovil@aol.com
Long Shintaku,long.shintaku@shintaku.org
Vinnie Meir,vmeir@meir.com
Lucia Flipp,lucia@aol.com
Corazon Ivaska,corazon@ivaska.org
Jaime Perugini,jaime_perugini@perugini.com
Miriam Stakes,miriam.stakes@yahoo.com
Vallie Nigl,vallie@yahoo.com
Sheldon Isachsen,sheldon@isachsen.org
Nickie Balonek,nickie.balonek@balonek.com
Fletcher Caneles,fcaneles@caneles.com
Rutha Eisert,rutha@eisert.com
Brandon Geigel,bgeigel@gmail.com
Franchesca Lamme,franchesca_lamme@yahoo.com
Lorriane Naddeo,lorriane.naddeo@naddeo.org
Asuncion Berson,aberson@aol.com
Georgiann Hoerter,georgiann_hoerter@hoerter.com
Hershel Bultron,hershel_bultron@bultron.org
Chu Collopy,chu@aol.com
Bettina Vosmus,bettina@hotmail.com
Lynsey Sport,lynsey.sport@aol.com
Phil Kuechler,phil_kuechler@gmail.com
Cordelia Nicks,cnicks@nicks.org
Georgeanna Marrano,gmarrano@gmail.com
Rosendo Lanter,rosendo@hotmail.com
Jerilyn Norcia,jerilyn@hotmail.com
Elfriede Bakeley,ebakeley@bakeley.com
Harris Sheck,harris@cox.net
Leonor Beilinson,leonor.beilinson@hotmail.com
Terrilyn Waska,terrilyn_waska@hotmail.com
Maddie Foulds,maddie@hotmail.com
Melynda Anstead,melynda@hotmail.com
Odette Thigpen,othigpen@thigpen.com
Steffanie Meinen,steffanie.meinen@cox.net
Antonette Stimac,antonette_stimac@stimac.org
Thora Daneker,tdaneker@daneker.com
Nada Massanet,nmassanet@yahoo.com
Ivette Dills,idills@cox.net
Devon Delacerda,devon@hotmail.com
Lon Tibbles,lon.tibbles@cox.net
Tennie Santanna,tennie@aol.com
Fidelia Vilven,fvilven@vilven.org
Michal Gunyan,michal_gunyan@gunyan.com
Enola Yandow,eyandow@cox.net
Meghann Mamudoski,meghann@cox.net
Latanya Mattia,lmattia@yahoo.com
Chandra Firlik,chandra@gmail.com
Barney Dewer,bdewer@gmail.com
Ocie Chreene,ocie.chreene@aol.com
Precious Dubray,precious.dubray@dubray.com
Sanda Laramie,slaramie@laramie.org
Gaynell Benavente,gaynell@hotmail.com
Bethanie Cutsforth,bethanie_cutsforth@cutsforth.org
Yvette Capiga,yvette.capiga@yahoo.com
Alana Blackmon,ablackmon@gmail.com
Lakeesha Beachel,lakeesha_beachel@aol.com
Ailene Friedman,ailene@yahoo.com
Valene Madson,valene@madson.org
Floyd Bub,fbub@bub.com
Josue Hatherly,jhatherly@hatherly.org
Johnathon Wadden,johnathon_wadden@hotmail.com
Kenneth Drizin,kdrizin@aol.com
Leila Titzer,leila_titzer@aol.com
Marquetta Quinlisk,marquetta_quinlisk@aol.com
Annamae Beliles,abeliles@gmail.com
An Dosal,adosal@hotmail.com
Karina Cortesi,karina_cortesi@hotmail.com
Otis Luong,oluong@gmail.com
Brendan Kasperek,brendan_kasperek@yahoo.com
Keith Evartt,kevartt@evartt.com
Paulina Arand,paulina_arand@cox.net
Cherelle Welschmeyer,cherelle@hotmail.com
Percy Neelon,percy_neelon@cox.net
Margot Storrs,mstorrs@cox.net
Paris Bellis,paris@gmail.com
Sina Masiejczyk,smasiejczyk@cox.net
Kimi Selfe,kimi@cox.net
Chun Richrdson,chun_richrdson@richrdson.org
Lelia Thiemann,lelia.thiemann@yahoo.com
Cordell Zinda,cordell_zinda@cox.net
Dorothy Aitken,dorothy.aitken@cox.net
Chauncey Mcelreath,chauncey.mcelreath@yahoo.com
Tenesha Stropko,tenesha.stropko@aol.com
Anjelica Lovero,anjelica@lovero.org
Olga Adessa,oadessa@cox.net
Monte Tindal,monte@cox.net
Pamela Mccoskey,pamela.mccoskey@gmail.com
Toshia Lippoldt,toshia_lippoldt@aol.com
Polly Sandusky,polly.sandusky@cox.net
Judy Boerboom,jboerboom@boerboom.com
Celestine Pritt,celestine_pritt@cox.net
Murray Fode,mfode@yahoo.com
Shoshana Courter,shoshana@courter.org
Glendora Pezley,glendora.pezley@cox.net
Carlene Kana,ckana@kana.com
Adria Gilliam,adria_gilliam@cox.net
Paola Perkins,paola.perkins@aol.com
Elina Maury,elina.maury@hotmail.com
Emile Dorio,edorio@cox.net
Zoila Lannigan,zlannigan@aol.com
Yong Yestramski,yong_yestramski@aol.com
Leontine Stalma,lstalma@stalma.org
Troy Dicus,troy_dicus@yahoo.com
Annamaria Vanhuss,annamaria.vanhuss@cox.net
Dorothea Lowther,dorothea_lowther@yahoo.com
Marion Letran,marion_letran@cox.net
Avery Masso,avery.masso@hotmail.com
Trinidad Bredernitz,trinidad@yahoo.com
Herminia Penso,hpenso@cox.net
Val Bigaud,val_bigaud@aol.com
Renay Oviedo,renay.oviedo@oviedo.com
Buck Kotow,buck_kotow@aol.com
Toi Rollison,toi_rollison@rollison.com
Shanice Pennel,shanice.pennel@pennel.org
Oliva Ramerez,oramerez@yahoo.com
Tamera Crocker,tcrocker@cox.net
Melvin Rather,melvin.rather@aol.com
Essie Fitzke,essie_fitzke@fitzke.org
Shay Knieper,shay.knieper@gmail.com
Ruby Sensibaugh,ruby@sensibaugh.com
Caren Doscher,cdoscher@doscher.org
Frank Amend,frank@yahoo.com
Lasandra Frisinger,lfrisinger@cox.net
Sommer Frere,sfrere@yahoo.com
Gretchen Mckeon,gretchen.mckeon@gmail.com
Providencia Marien,providencia.marien@marien.com
Lindsey Arnoldi,larnoldi@arnoldi.com
Romana Riesgraf,romana_riesgraf@hotmail.com
Nobuko Logwood,nobuko.logwood@cox.net
Shawnna Arredondo,sarredondo@arredondo.com
Doyle Hathcox,doyle.hathcox@aol.com
Jacinta Deppen,jdeppen@cox.net
Tawanna Kuamoo,tawanna_kuamoo@gmail.com
Christa Cloutier,ccloutier@hotmail.com
Noe Kotz,nkotz@kotz.org
Ellen Fajen,ellen.fajen@aol.com
Tequila Pelletier,tequila_pelletier@cox.net
Tawny Bonventre,tbonventre@aol.com
Rosalyn Mcspedon,rosalyn.mcspedon@mcspedon.org
Noble Miyata,noble_miyata@gmail.com
Lucille Hubbell,lhubbell@yahoo.com
Azzie Tuazon,azzie.tuazon@hotmail.com
Darci Arau,darci@cox.net
King Suman,king@cox.net
Denny Zeanah,denny_zeanah@zeanah.com
Anissa Frayer,afrayer@frayer.com
Rosann Heinricher,rosann_heinricher@heinricher.com
Jeannine Rippy,jeannine_rippy@rippy.com
Lashaun Casteneda,lashaun.casteneda@casteneda.com
Miesha Walen,miesha@aol.com
Marva Kountz,marva@gmail.com
Dion Lamastus,dion_lamastus@lamastus.com
Hassie Sarkin,hassie_sarkin@aol.com
Jin Perry,jin_perry@gmail.com
Demetra Peth,demetra_peth@aol.com
Irene Benauides,irene.benauides@gmail.com
Colton Pesqueira,cpesqueira@hotmail.com
William Cilento,william.cilento@gmail.com
Shannan Cupit,shannan@cox.net
Shelba Kast,shelba.kast@yahoo.com
Dorcas Diebold,dorcas_diebold@diebold.com
Rochell Wetherby,rwetherby@wetherby.org
Amber Windell,amber.windell@cox.net
Stefanie Prinkey,stefanie_prinkey@prinkey.org
Kenia Sharples,kenia_sharples@hotmail.com
Jacquline Libbey,jacquline@cox.net
Lavina Michelet,lavina.michelet@michelet.org
Billi Kazar,bkazar@hotmail.com
Aron Leuthold,aron_leuthold@leuthold.com
Annice Tartar,atartar@cox.net
Hyun Zarazua,hyun_zarazua@cox.net
Shala Ogle,shala_ogle@ogle.org
Shasta Canonico,shasta_canonico@aol.com
Wenona Braseth,wenona.braseth@braseth.org
Marla Gallati,mgallati@gmail.com
Myra Palenik,myra_palenik@palenik.com
Lawanda Jacocks,lawanda.jacocks@gmail.com
Curt Kohlman,ckohlman@hotmail.com
Susy Finstad,sfinstad@aol.com
Kathrine Kaper,kkaper@aol.com
Oneida Pospishil,opospishil@aol.com
Allene Perera,allene@yahoo.com
Leonardo Leahman,leonardo@aol.com
Nakisha Russi,nakisha_russi@russi.com
Stephanie Rolling,srolling@rolling.org
Florinda Haycock,florinda_haycock@cox.net
Merri Geberth,merri.geberth@geberth.com
Malcom Vereen,malcom.vereen@yahoo.com
Louvenia Abney,louvenia_abney@hotmail.com
Alita Borlace,alita_borlace@yahoo.com
Noemi Ill,noemi_ill@ill.com
Nydia Ancar,nydia.ancar@ancar.com
Hana Meisel,hana.meisel@yahoo.com
Noel Marrazzo,noel@cox.net
Brice Rowe,brice_rowe@aol.com
Nguyet Kitchens,nguyet_kitchens@yahoo.com
Janae Mair,janae_mair@cox.net
Darrel Makley,dmakley@yahoo.com
Genevieve Milionis,genevieve.milionis@hotmail.com
Giovanna Bacho,giovanna@cox.net
Shelton Spannuth,shelton.spannuth@yahoo.com
Alison Mahlum,alison_mahlum@hotmail.com
Maynard Zufall,mzufall@gmail.com
Timothy Bussert,timothy@bussert.com
Viola Eddens,veddens@eddens.org
Luann Michon,luann@cox.net
Mable Goerke,mable_goerke@cox.net
Sabine Kaea,sabine@gmail.com
Dolores Moltz,dolores@yahoo.com
Hannah Suero,hsuero@yahoo.com
Sonia Blan,sblan@blan.com
Cletus Stapels,cletus_stapels@cox.net
Asha Zoldak,asha_zoldak@hotmail.com
Verlene Billow,vbillow@billow.com
Yesenia Giglio,yesenia@cox.net
Tayna Sine,tayna_sine@sine.com
Verona Jobst,verona_jobst@jobst.org
Denae Eggers,denae_eggers@gmail.com
Rikki Montalgo,rikki@montalgo.com
Nan Weekly,nan@weekly.com
Sherell Despain,sdespain@hotmail.com
Coral Brennick,coral.brennick@brennick.com
Phyliss Huelse,phyliss_huelse@aol.com
Jesse Wida,jesse@wida.com
Latonia Helander,latonia@helander.com
Aimee Clozza,aimee_clozza@clozza.org
Marcelle Staie,marcelle_staie@aol.com
Ilda Schuring,ilda_schuring@schuring.com
Aileen Klukken,aklukken@klukken.com
Davida Zeng,davida_zeng@yahoo.com
Beata Rubarts,beata_rubarts@aol.com
Angelyn Wieand,angelyn_wieand@wieand.com
Claudio Hummell,claudio_hummell@hotmail.com
Krystal Twyman,ktwyman@gmail.com
Adela Echegoyen,adela.echegoyen@echegoyen.org
Ryan Phibbs,rphibbs@gmail.com
Edmond Buettner,edmond_buettner@buettner.org
Catina Emmert,catina@gmail.com
Milly Pattengale,milly@hotmail.com
Jules Erichsen,jules@cox.net
Denna Miklitz,dmiklitz@yahoo.com
Willetta Cesa,willetta_cesa@gmail.com
Johna Magathan,jmagathan@magathan.org
Ollie Oliverson,ooliverson@cox.net
Sherly Vitrano,svitrano@hotmail.com
Kindra Dishong,kdishong@gmail.com
Vanda Tentler,vanda_tentler@tentler.org
Marshall Fitgerald,marshall_fitgerald@cox.net
Kelvin Hasha,khasha@hotmail.com
Darrin Mathiasen,dmathiasen@hotmail.com
Susana Mccarley,susana_mccarley@gmail.com
Wilson Nickelson,wilson_nickelson@aol.com
Malissa Talty,malissa@talty.org
Tandra Castillanos,tcastillanos@castillanos.com
Lorean Sammon,lorean@yahoo.com
Desirae Oien,desirae.oien@hotmail.com
Delsie Cerao,delsie.cerao@cerao.org
Mabel Elmquist,mabel_elmquist@elmquist.com
Marnie Purslow,marnie.purslow@purslow.com
Rene Granier,rene@cox.net
Trevor Harnist,trevor.harnist@hotmail.com
Sharmaine Batdorf,sharmaine_batdorf@batdorf.com
Ricki Traux,ricki.traux@traux.com
Bernadine Shufelt,bernadine_shufelt@shufelt.org
Shad Reider,shad_reider@aol.com
Kenneth Degennaro,kenneth.degennaro@aol.com
Marleen Hennon,marleen_hennon@aol.com
Joaquin Geitner,joaquin_geitner@cox.net
Slyvia Stockham,slyvia.stockham@aol.com
Kris Bala,kris_bala@gmail.com
Gussie Diflorio,gussie_diflorio@cox.net
Lavelle Lillywhite,lavelle.lillywhite@hotmail.com
Bev Dermo,bev.dermo@dermo.com
Bette Digiovanni,bette.digiovanni@digiovanni.org
Lajuana Mccloud,lajuana_mccloud@hotmail.com
Shakira Westervelt,swestervelt@westervelt.org
Matt Nickolich,matt@gmail.com
Clemencia Momplaisir,cmomplaisir@yahoo.com
Oliva Ambert,oambert@gmail.com
Ranee Maye,ranee_maye@maye.com
Ming Eskew,ming_eskew@eskew.com
Annice Peckens,apeckens@peckens.org
Effie Frymark,effie_frymark@gmail.com
Maricela Conger,mconger@aol.com
Esteban Plantenberg,esteban@cox.net
Doretha Wykle,doretha@yahoo.com
Dorsey Neitzke,dorsey_neitzke@hotmail.com
Amie Okuniewski,amie@yahoo.com
Bulah Berkoff,bulah.berkoff@cox.net
Erin Delbosque,erin@cox.net
Kassandra Marushia,kassandra@gmail.com
Leslee Matsuno,leslee_matsuno@matsuno.org
Daniel Dobler,ddobler@dobler.com
Antonio Unruh,antonio.unruh@hotmail.com
